[{"_id":"61a4f5fe6d44da06a390f732","_backgroundImage":{"_size":"initial","_position":"center","_repeat":false},"_mobileBackgroundImage":{"_size":"initial","_position":"center","_repeat":false},"_dividers":{"_before":{"_graphic":{"_large":{"_height":200,"_shouldRepeat":false},"_small":{"_height":200,"_shouldRepeat":false}},"_graphicTextStyles":{"_desktop":{"_fontColor":"transparent"},"_tablet":{"_fontColor":"transparent"},"_mobile":{"_fontColor":"transparent"}},"_isEnabled":false,"_shouldEnableGraphicText":false,"_graphicTextLayout":"top","_graphicTextWidth":100,"_graphicTextTopPadding":0,"_graphicTextBottomPadding":0,"_graphicTextLeftPadding":0,"_graphicTextRightPadding":0},"_after":{"_graphic":{"_large":{"_height":200,"_shouldRepeat":false},"_small":{"_height":200,"_shouldRepeat":false}},"_graphicTextStyles":{"_desktop":{"_fontColor":"transparent"},"_tablet":{"_fontColor":"transparent"},"_mobile":{"_fontColor":"transparent"}},"_isEnabled":false,"_shouldEnableGraphicText":false,"_graphicTextLayout":"top","_graphicTextWidth":100,"_graphicTextTopPadding":0,"_graphicTextBottomPadding":0,"_graphicTextLeftPadding":0,"_graphicTextRightPadding":0}},"_animations":{"_slideInX":{"_isEnabled":false,"_isReverseDirection":false,"_from":50},"_slideInY":{"_isEnabled":false,"_isReverseDirection":false,"_from":50},"_fadeIn":{"_isEnabled":false,"_from":0},"_scaleIn":{"_isEnabled":false,"_from":50},"_delay":0,"_easing":"default"},"_bookShelf":{"_isEnabled":false,"_isShelved":false},"_contentLocking":{"_isEnabled":false,"_lockingType":"component","_shouldDisableNotifyOnUnlock":false,"_lockedText":"This article is locked","_lockIcon":"lock","_requiredCompleteIds":[],"_requiredAmount":0,"_lockedApperance":"default"},"_progress":{"_isEnabled":true},"_search":{"_searchTagIds":[]},"_isEnabled":true,"_isHidden":false,"_isSnapShot":false,"_isTemplate":false,"_type":"article","_evolveTags":[],"title":"Gathering Data","_classes":"none","_hasScrollActionButton":false,"_sortOrder":0,"_parentId":"61a4f5236d44da06a390f4a2","_courseId":"61a4f51f6d44da06a390f466","_createdBy":"610da19a2bd8566ccbe1137d","_createdAt":"2021-11-29T15:47:10.658Z","_updatedAt":"2021-12-09T18:01:39.143Z","_refId":"61a4f5fe6d44da06a390f732","__v":0,"_updatedBy":"610da19a2bd8566ccbe1137d","displayTitle":"How Structured Are You?"}]
