[{"_id":"61a4f6156d44da06a390f749","_animations":{"_full":{"_slideInX":{"_isEnabled":false,"_isReverseDirection":false,"_from":50},"_slideInY":{"_isEnabled":false,"_isReverseDirection":false,"_from":50},"_fadeIn":{"_isEnabled":false,"_from":0},"_scaleIn":{"_isEnabled":false,"_from":50},"_isEnabled":false,"_delay":0,"_easing":"default"},"_left":{"_slideInX":{"_isEnabled":false,"_isReverseDirection":false,"_from":50},"_slideInY":{"_isEnabled":false,"_isReverseDirection":false,"_from":50},"_fadeIn":{"_isEnabled":false,"_from":0},"_scaleIn":{"_isEnabled":false,"_from":50},"_isEnabled":false,"_delay":0,"_easing":"default"},"_right":{"_slideInX":{"_isEnabled":false,"_isReverseDirection":false,"_from":50},"_slideInY":{"_isEnabled":false,"_isReverseDirection":false,"_from":50},"_fadeIn":{"_isEnabled":false,"_from":0},"_scaleIn":{"_isEnabled":false,"_from":50},"_isEnabled":false,"_delay":0,"_easing":"default"}},"_courseAttainment":{"_isEnabled":false},"_search":{"_searchTagIds":[]},"_isEnabled":true,"_isHidden":false,"_isSnapShot":false,"_isTemplate":false,"_type":"block","_evolveTags":[],"title":"How Structured are You?","_classes":"","_singleWidthComponentLayout":"default","_singleWidthIsCentered":true,"_componentsVerticalAlignment":"top","_reverseMobileComponentOrder":false,"_sortOrder":0,"_courseId":"61a4f51f6d44da06a390f466","__v":0,"displayTitle":"","_createdBy":"610da19a2bd8566ccbe1137d","_parentId":"61a4f5fe6d44da06a390f732","_createdAt":"2021-11-29T15:47:33.496Z","_updatedAt":"2021-12-09T18:01:51.875Z","_refId":"61a4f6156d44da06a390f749","_updatedBy":"610da19a2bd8566ccbe1137d"}]
