{"_id":"61a4f51f6d44da06a390f466","_reviews":{"_isUnderReview":true,"_reviews":[{"_isActive":true,"_canReviewersSeeAllComments":true,"_canReviewersSeeTags":false,"_id":"61a4f76d6d44da06a390f94a","title":"Prog Exercise Review","_reviewers":[{"_status":"notStarted","_hasPassed":true,"reviewFeedback":"","_id":"61a4f76d6d44da06a390f94b","_reviewer":"6160a6686556340bbf369f28"}],"_createdBy":"610da19a2bd8566ccbe1137d","_createdAt":"2021-11-29T15:53:17.981Z"}]},"_version":{"_isVersion":false,"_isLanguageVersion":false,"_isAutoVersion":false,"_managedByExceed":false},"_navigation":{"_shouldHideMenu":false,"backToMenuText":"Back to Menu","backToMenuAriaLabel":"","backText":"Back to Page","backTextAriaLabel":"","dashboardText":"Dashboard","hamburgerAriaLabel":"Select this button to toggle the sidebar navigation","sidebarAriaLabel":"Tab to move through extra navigation items","navigationSkipContentAriaLabel":"","contentLoadingAriaLiveText":"","notifyButtonAriaLabel":"","navigationLogoAlt":""},"_notify":{"_titleTextAlignment":"center","_bodyTextAlignment":"center","_iconAlignment":"center","_buttonAlignment":"center"},"_footerNav":{"_isEnabled":false,"previousButtonText":"Previous","nextButtonText":"Next","_shouldDisableTitleButtonText":false,"pageOfText":"of","_hasHomeButton":false,"homeButtonAriaLabel":""},"_buttons":{"_submit":{"buttonText":"Submit","ariaLabel":"Select this button to submit your answer"},"_reset":{"buttonText":"Reset","ariaLabel":"Select this button to reset your answer"},"_showCorrectAnswer":{"buttonText":"Show Answer","ariaLabel":"Select this button to show the correct answer"},"_hideCorrectAnswer":{"buttonText":"Hide Answer","ariaLabel":"Select this button to hide the correct answer"},"_showFeedback":{"buttonText":"Show Feedback","ariaLabel":"Select this button to show the feedback","_isDisabled":false},"_hideFeedback":{"buttonText":"Close","ariaLabel":"Select this button to hide the feedback"},"_lightbox":{"zoomInAriaLabel":"zoom in","zoomOutAriaLabel":"zoom out","closeAriaLabel":"close"},"remainingAttemptsText":"attempts remaining","remainingAttemptText":"final attempt","disabledAriaLabel":"This button is disabled."},"_globals":{"_feedbackText":{"_correctGraphic":{"srcAdvanced":{"_setImagePerDeviceSize":false},"_position":"right"},"_incorrectFinalGraphic":{"srcAdvanced":{"_setImagePerDeviceSize":false},"_position":"right"},"_incorrectNotFinalGraphic":{"srcAdvanced":{"_setImagePerDeviceSize":false},"_position":"right"},"_partlyCorrectFinalGraphic":{"srcAdvanced":{"_setImagePerDeviceSize":false},"_position":"right"},"_partlyCorrectNotFinalGraphic":{"srcAdvanced":{"_setImagePerDeviceSize":false},"_position":"right"},"correctFeedback":"Correct","partlyCorrectNotFinalFeedback":"Partly correct, try again","partlyCorrectFinalFeedback":"Partly correct","incorrectNotFinalFeedback":"Incorrect, try again","incorrectFinalFeedback":"Incorrect"},"_questionAttempts":{"_shouldUseGlobalAttempts":false,"_attempts":1},"correctIconAriaLabel":"correct","incorrectIconAriaLabel":"incorrect"},"_videos":{"_shouldHideFullScreenButton":false,"playButtonLabel":"Play","pauseButtonLabel":"Pause","muteButtonLabel":"Mute","unMuteButtonLabel":"Unmute","audioDescriptionOnButtonLabel":"Audio description on","audioDescriptionOffButtonLabel":"Audio description off","subtitlesOnButtonLabel":"Subtitles on","subtitlesOffButtonLabel":"Subtitles off","fullScreenOnButtonLabel":"Full screen on","fullScreenOffButtonLabel":"Full screen off","volumeSliderAriaLabel":"volume slider","seekSliderAriaLabel":"seek slider","currentTimeAriaLabel":"Elapsed time","durationAriaLabel":"Total"},"_downloads":{"title":"Downloads","body":"","nameLabelText":"Name","nameRequiredText":"Name required","viewDownloadsButtonText":"View downloads","_hasCloseCourseButton":false,"closeCourseButtonText":"Close Course"},"_fonts":{"_google":[],"_installed":[]},"_pageBackgroundImage":{"_backgroundImage":{"_size":"cover","_position":"center","_fixed":false,"_repeat":false},"_mobileBackgroundImage":{"_size":"cover","_position":"center","_fixed":false,"_repeat":false}},"_comments":{"_isEnabled":false},"_learner":{"_canLearnerNameSaveToVariable":false,"_learnerNameVariableFormat":"firstnameLastname","_learnerNameVariableUpdateType":"replace","_saveExceedUserDataToVariables":false,"_exceedUserDataProperties":[]},"_boxMenu":{"_heroImage":{"_graphic":{"srcAdvanced":{"_setImagePerDeviceSize":false}},"_floatingGraphic":{"_offset":{"_top":"0","_left":"0"},"_position":"bottom-right","_hideOnMobile":false},"layout":"center","_contentWidth":70},"_headerGraphic":{"_offset":{"_top":"0","_left":"0"},"_isOverridingTheme":false,"_hideOnMobile":false,"_isFloatingGraphic":false,"_position":"bottom-right"},"_backgroundImage":{"_size":"cover","_position":"center","_fixed":false,"_repeat":false},"_mobileBackgroundImage":{"_size":"cover","_position":"center","_fixed":false,"_repeat":false},"_shouldShowProgressBarsOnMenus":true,"_showCompletionStatusOnMenus":false,"_showCompletionStatusInFooter":false,"itemCompletionText":"Complete","_itemsPerRowLarge":2,"_itemsPerRowMedium":2,"_isVerticalItemLayout":false,"_menuContentItems":[]},"_coverMenu":{"srcAdvanced":{"_setImagePerDeviceSize":false},"_coverButtonText":"View","_shouldShowProgressBarsOnMenus":true,"nextButtonAriaLabel":"Next","prevButtonAriaLabel":"Previous","homeButtonAriaLabel":"Home"},"_mapMenu":{"_defaultPointerWidth":0,"_menuImageWidth":1024,"_menuScrollableContainerMaxWidth":1024,"_closeButtonText":"Close","_shouldShowTitleBar":true},"_playlistMenu":{"_backgroundImage":{"srcAdvanced":{"_setImagePerDeviceSize":false}},"_desktopBackgroundImage":{"_size":"cover","_position":"center","_fixed":false,"_repeat":false},"_mobileBackgroundImage":{"_size":"cover","_position":"center","_fixed":false,"_repeat":false},"_heroImage":{"_graphic":{"srcAdvanced":{"_setImagePerDeviceSize":false}},"_floatingGraphic":{"_offset":{"_top":"0","_left":"0"},"_position":"bottom-right","_hideOnMobile":false},"layout":"center","_contentWidth":70},"_menuGroupLabel":"Topics","_fullPlaylist":"Full Playlist","allText":"All","_shouldShowProgressBarsOnMenus":true},"_standardMenu":{"_heroImage":{"_graphic":{"srcAdvanced":{"_setImagePerDeviceSize":false}},"_floatingGraphic":{"_offset":{"_top":"0","_left":"0"},"_position":"bottom-right","_hideOnMobile":false},"layout":"center","_contentWidth":70},"_headerGraphic":{"_offset":{"_top":"0","_left":"0"},"_isOverridingTheme":false,"_hideOnMobile":false,"_isFloatingGraphic":false,"_position":"bottom-right"},"_backgroundImage":{"_size":"cover","_position":"center","_fixed":false,"_repeat":false},"_mobileBackgroundImage":{"_size":"cover","_position":"center","_fixed":false,"_repeat":false},"_shouldShowProgressBarsOnMenus":true,"_shouldShowIconOnMenuItems":true,"_menuContentItems":[]},"_swipeMenu":{"_heroImage":{"_graphic":{"srcAdvanced":{"_setImagePerDeviceSize":false}},"_floatingGraphic":{"_offset":{"_top":"0","_left":"0"},"_position":"bottom-right","_hideOnMobile":false},"layout":"center","_contentWidth":70},"_headerGraphic":{"_offset":{"_top":"0","_left":"0"},"_isOverridingTheme":false,"_hideOnMobile":false,"_isFloatingGraphic":false,"_position":"bottom-right"},"_backgroundImage":{"_size":"cover","_position":"center","_fixed":false,"_repeat":false},"_mobileBackgroundImage":{"_size":"cover","_position":"center","_fixed":false,"_repeat":false},"_shouldDisableDetailOnHover":false,"_shouldDisableItemScaling":false,"_shouldShowControlsOnBottom":false,"_shouldAlwaysShowItems":false,"_shouldPartiallyShowNextItem":false,"_shouldShowControlsOnHover":false,"_shouldHideDisabledControl":false,"_shouldShowProgressBarsOnMenus":true,"nextButtonAriaLabel":"Next","prevButtonAriaLabel":"Previous","_menuContentItems":[]},"_about":{"_heroImage":{"_graphic":{"srcAdvanced":{"_setImagePerDeviceSize":false}},"_floatingGraphic":{"_offset":{"_top":"0","_left":"0"},"_position":"bottom-right","_hideOnMobile":false},"_isEnabled":false,"layout":"center","_contentWidth":70},"_isEnabled":false,"title":"About","_navigationIcon":"question","_headerIcon":"question","_aboutContentItems":[]},"_achievements":{"_points":{"_isEnabled":false,"pointsName":"Points","pointsLabel":"XP","_defaultPoints":150},"_lives":{"_isEnabled":false,"livesName":"Lives","livesLabel":"Lives","_totalLives":3,"_shouldResetCourseOnZeroLives":false},"_stars":{"_isEnabled":false,"starsName":"Stars","starsLabel":"Stars","starsToCollectLabel":"Stars to collect","starsMissedLabel":"Stars missed"},"_badges":{"_isEnabled":false,"badgesName":"Badges","badgesLabel":"Badges","badgeNotifyTitle":"You earned a badge!","_items":[]},"_heroImage":{"_graphic":{"srcAdvanced":{"_setImagePerDeviceSize":false}},"_floatingGraphic":{"_offset":{"_top":"0","_left":"0"},"_position":"bottom-right","_hideOnMobile":false},"_isEnabled":false,"layout":"center","_contentWidth":70},"_isEnabled":false,"title":"Achievements","_showTopNavigationAchievements":true,"_showSideNavigationAchievements":true},"_additionalContent":{"_isEnabled":false,"_contentItems":[]},"_articleIndicator":{"_isEnabled":false,"_isOnLeftSide":false},"_assignment":{"_isEnabled":false,"feedbackTitle":"Your feedback","submittedMessage":"This assignment has been submitted."},"_bookShelf":{"_heroImage":{"_graphic":{"srcAdvanced":{"_setImagePerDeviceSize":false}},"_floatingGraphic":{"_offset":{"_top":"0","_left":"0"},"_position":"bottom-right","_hideOnMobile":false},"_isEnabled":false,"layout":"center","_contentWidth":70},"_isEnabled":false,"title":"Book Shelf","noItemsText":"Sorry, there's no items in your book shelf - please add some by clicking on the 'Add to Book Shelf' button during the course.","viewButtonText":"View Book Shelf"},"_bookmarking":{"_isEnabled":false,"_notificationTitle":"This course is in progress","_notificationBody":"Do you want to continue the course?","_notificationConfirm":"Yes","_notificationCancel":"No","_isRetakeAssessmentNotificationEnabled":false,"_retakeAssessmentNotificationTitle":"This assessment has been completed","_retakeAssessmentNotificationBody":"Do you want to retake the assessment?"},"_branding":{"_logos":{"_primaryLogo":{"alignment":"left","_isLocatedInFooter":false},"_secondaryLogo":{"alignment":"right","_isLocatedInFooter":false}},"_isEnabled":false,"_shouldPlaceFooterLogosWithCopyright":false},"_certificate":{"_isEnabled":false,"_isComplete":false,"_obtainmentMethod":"Course Attainment","_hideDialog":false,"title":"Certificate","achievedText":"You have achieved the course certificate, click download certificate","notAchievedText":"You have not yet achieved the course certificate","downloadButtonText":"Download certificate","fileName":"Certificate","nameLabel":"Name:","dateLabel":"Date awarded:","_dateFormat":"DD/MM/YYYY","_orientation":"portrait"},"_contentLocking":{"_isEnabled":false,"unlockedNotifyMessage":"Unlocked"},"_courseAssessment":{"_heroImage":{"_graphic":{"srcAdvanced":{"_setImagePerDeviceSize":false}},"_floatingGraphic":{"_offset":{"_top":"0","_left":"0"},"_position":"bottom-right","_hideOnMobile":false},"_isEnabled":false,"layout":"center","_contentWidth":70},"_retakeNavigationLink":{"_isEnabled":false},"_isEnabled":false,"_shouldIncludeAllQuestions":false,"_shouldDisableQuestionFeedback":false,"_shouldDisableShowAnswer":false,"_shouldDisableAssessmentCompletedPopup":false,"_showAssessmentLinkInPopup":true,"_shouldDisplayOverviewInPopup":false,"_shouldShowRetakeAssessmentInPopup":false,"_shouldHideMarking":false,"_shouldHideBreakdown":false,"_showScoreAsPercentage":true,"_showQuestionsCompleted":true,"_showQuestionsCorrect":true,"_showAttemptsTaken":true,"title":"Assessment","_passPercentage":60,"scoreText":"Your score:","noResultsText":"Sorry - there's no results just yet. Try answering some questions so we can assess your ability.","resultsOverviewTitle":"Assessment Overview","resultsBreakdownTitle":"Breakdown","progressDescription":"Assessment Progress","resultsComponentNotCompleteText":"Not complete","resultsComponentScorePrefixText":"XP","resultsViewDetailedBreakdownText":"View Detail","resultsViewComponentText":"View component","resultsBreakdownQuestionsCompletedText":"Completed","resultsViewDetailedBreakdownCorrectText":"Correct","resultsViewDetailedBreakdownIncorrectText":"Incorrect","resultsQuestionsCorrect":"Questions Correct","resultsBreakdownTitleText":"Title","resultsBreakdownBodyTitleText":"Body","resultsBreakdownAttemptsTakenText":"Attempts taken","resultsViewAverageAttemptsTakenText":"Average Attempts Taken","resultsBreakdownFeedbackButton":"Show Feedback","incompleteFeedback":"The assessment is not complete yet, here's how you are doing so far:","_canBeRetaken":false,"_retakeAttempts":1,"_allowUnlimitedRetakeAttempts":false,"_shouldHideRetakeOnAssessmentPassed":false,"_onlyResetIncorrect":false,"retakeAssessmentButtonText":"Retake Assessment","retakeAssessmentNotifyTitle":"Retake Assessment","retakeAssessmentNotifyBody":"Are you sure you want to retake this Assessment? Clicking 'Yes' will reset your answers.","retakeAssessmentNotifyConfirmButtonText":"Yes","retakeAssessmentNotifyCancelButtonText":"Cancel","retakeAttemptsPrefixText":"Retakes taken","completionNotifyTitle":"Course assessment complete","_hasCloseCourseButton":false,"_closeCourseButtonText":"Close Course","_retakeNavigation":"COURSE","_canSaveToVariable":false,"_canSaveToVariableOnScoreChange":false,"_variableUpdateType":"replace"},"_courseAttainment":{"_heroImage":{"_graphic":{"srcAdvanced":{"_setImagePerDeviceSize":false}},"_floatingGraphic":{"_offset":{"_top":"0","_left":"0"},"_position":"bottom-right","_hideOnMobile":false},"_isEnabled":false,"layout":"center","_contentWidth":70},"title":"Course Attainment","_isEnabled":false,"_attainmentMethod":"blocks","_shouldHideNotificationPopup":false,"completionTitle":"Course attained","completionNotifyTitle":"Course attained","_shouldHideSummaryAndIcon":false,"_shouldCloseWindowOnCourseAttained":false,"_shouldHidePromptDismissButton":false,"_shouldUseCorrectQuestions":false,"closeWindowText":"Close window","_navigationIcon":"license2","_headerIcon":"license2","_notifyIcon":"license2","_canSaveToVariable":false,"_variableUpdateType":"replace"},"_courseNavigation":{"_isEnabled":false,"homeText":"Home","icon":"document2","_isOnRightSide":false,"courseNavigationAriaLabel":"Select this button to toggle the course navigation sidebar","courseNavigationSidebarAriaLabel":"Tab to move through the course items"},"_glossary":{"_heroImage":{"_graphic":{"srcAdvanced":{"_setImagePerDeviceSize":false}},"_floatingGraphic":{"_offset":{"_top":"0","_left":"0"},"_position":"bottom-right","_hideOnMobile":false},"_isEnabled":false,"layout":"center","_contentWidth":70},"_isEnabled":false,"title":"Glossary","searchPlaceholder":"Search...","searchWithinDescriptionLabel":"Search within Description","itemNotFoundMessage":"No items found - try searching again","_glossaryItems":[]},"_googleAnalytics":{"_isEnabled":false},"_hint":{"_isEnabled":false,"hintButtonAriaLabel":"show hint"},"_localStorage":{"_isEnabled":false,"_shouldResetUsingBookMarking":false},"_pageIndicator":{"_isEnabled":false,"_isInteractionDisabled":false},"_progress":{"_isEnabled":false,"_showComponentProgress":false,"_showCourseExitButton":false,"_useTitleIfNoDisplayTitle":false,"_alwaysUseInternalTitle":false,"courseExitButtonText":"Exit course","progressAriaLabel":"Select this button to toggle the progress sidebar","progressSidebarAriaLabel":"Tab to move through the page items","_progressNavigationItemIcon":"list3","_isOnRightSide":true,"_displayAsStickNav":false},"_questionBanks":{"_isEnabled":false,"_banks":[]},"_reflection":{"_fontSizes":{"customTitle":32,"downloadsTitle":18,"reflectionMessage":11,"name":11,"date":11,"itemTitle":11,"itemBody":11,"componentDisplayTitle":11,"componentBody":11,"componentQuestion":11,"componentAnswer":11,"footer":11},"_alignmentSettings":{"customTitle":"center","downloadsTitle":"left","reflectionMessage":"left","name":"left","date":"left","itemTitle":"left","itemBody":"left","componentDisplayTitle":"left","componentBody":"left","componentQuestion":"left","componentAnswer":"left","footer":"left"},"_isEnabled":false,"_isComplete":false,"_obtainmentMethod":"Course Attainment","_hideDialog":false,"title":"Reflection","_isHtmlFormat":false,"_shouldNotShowDownloadsTitleInReflection":false,"_shouldNotShowLearnerName":false,"_onlyShowCompleted":false,"_shouldRenderItemsAfterComponents":false,"_displayComponentDisplayTitle":false,"_displayComponentBody":false,"_displayComponentInstruction":true,"fileName":"Reflection","downloadAvailableText":"Reflection is available to download","downloadNotAvailableText":"Reflection is not yet available to download","downloadButtonText":"Download reflection","reflectionMessage":"","nameLabel":"Name:","dateLabel":"Date created:","_dateFormat":"DD/MM/YYYY","printHtmlLabel":"Print","printHtmlInstruction":"To save this document as a PDF select Print then choose 'Save to PDF' as the Destination (macOS) or 'Microsoft Print to PDF' as the Printer (Windows).","_items":[]},"_resources":{"_filterButtons":{"all":"All","document":"Documents","media":"Media","link":"Links"},"_heroImage":{"_graphic":{"srcAdvanced":{"_setImagePerDeviceSize":false}},"_floatingGraphic":{"_offset":{"_top":"0","_left":"0"},"_position":"bottom-right","_hideOnMobile":false},"_isEnabled":false,"layout":"center","_contentWidth":70},"_isEnabled":false,"_shouldDisableNavigationSideItem":false,"title":"Resources","_resourcesItems":[]},"_scrollProgress":{"_isEnabled":false,"_displayOnMenus":false,"_displayOnExtensions":false,"_canReadFromVariable":false,"_maxVariableValue":0},"_search":{"_searchableContent":{"component":true,"block":true,"article":true,"page":true,"menu":true,"extension":true},"_isEnabled":false,"title":"Search","searchInputPlaceholder":"Search course...","searchAriaLabel":"Select this button to toggle the search side panel","searchInputAriaLabel":"","searchSidePanelAriaLabel":"","noResultsText":"No search results","tagsLabelText":"Tags","menuFilterLabelText":"Menu","resourcesLabelText":"Resource","_searchNavigationItemIcon":"magnifier","_isOnRightSide":true,"_isTokenized":false,"_isSearchTagsEnabled":false,"_isMenuFilterEnabled":false,"_isResourcesEnabled":false,"_shouldSyncMenuFilter":false,"_shouldDisplayParentPage":false,"_shouldUseTitleIfNoDisplayTitle":false,"_searchTagIds":[],"_tags":[],"_resources":[]},"_stamps":{"_isEnabled":false,"_width":200,"_top":-100,"_right":-100},"_storage":{"_firebase":{"_auth":{"_useGoogle":false}},"_loginPage":{"loginText":"Please login to track your learner data","loadingText":"Loading your learner data..","cannotLoginPromptTitle":"Unable to login","cannotLoginPromptBody":"You can still continue this course, but your learner data will not be tracked.","cannotLoginPromptCloseButtonText":"Close"},"_isEnabled":false,"_provider":"_firebase"},"_tags":{"_heroImage":{"_graphic":{"srcAdvanced":{"_setImagePerDeviceSize":false}},"_floatingGraphic":{"_offset":{"_top":"0","_left":"0"},"_position":"bottom-right","_hideOnMobile":false},"_isEnabled":false,"layout":"center","_contentWidth":70},"_isEnabled":false,"_shouldShowInCourse":true,"title":"Tags","overviewTitle":"Overview","radarTitle":"Current Performance","_isFilteredEnabled":false,"_tagsList":[]},"_videoIntro":{"_videoStream":{"_options":{"_wistiaOptions":{"autoPlay":false,"controlsVisibleOnLoad":true,"fullscreenButton":true,"playbackRateControl":true,"playbar":true,"playButton":true,"playerColor":"#5fbbff","qualityControl":true,"settingsControl":true,"smallPlayButton":true,"volumeControl":true,"endVideoBehavior":"default"},"_isAutoPlay":false,"_isLoop":false,"_isKeyboardDisabled":false,"_modestBranding":false,"_isHD":true,"_isShowClosedCaptions":false,"_isAllowFullscreen":true,"_isLightTheme":false,"_shouldUseWistiaOptions":false},"_service":"youtube"},"_isEnabled":false,"_useVideoStream":false,"_shouldShowFullScreen":false,"_shouldCropVideo":false,"_closeButtonText":"Close","_shouldOnlyDisplayOnMenu":false,"_isFullScreenCloseButtonAtBottom":false,"_shouldEnableCloseButtonOnPlay":false},"_type":"course","title":"How Structured Are You?","_state":"published","_isAutoState":true,"_managedByExceed":false,"_isSnapShot":false,"_isTemplate":false,"_isExceedTemplate":false,"_evolveTags":[],"_isRTL":false,"_isEditLocked":false,"_isLocked":false,"_isShareable":false,"_hasAutoVersions":false,"_autoVersionFrequency":"day","_editorIds":[],"_pageCompletionMethod":"components","_alwaysOpenTextEditorLinksInNewWindow":false,"_setStatusBasedOn":"courseCompletion","_theme":"61b2429e47150f7bcca480be","_createdBy":"610da19a2bd8566ccbe1137d","_createdAt":"2021-11-29T15:43:27.929Z","_updatedAt":"2021-12-22T18:10:33.929Z","_categories":[],"_categoryGroups":[],"_dialogs":[],"_refId":"61a4f51f6d44da06a390f466","__v":1,"_updatedBy":"610da19a2bd8566ccbe1137d","_publishedAt":"2021-12-22T18:10:44.249Z"}
