[{"_id":"61b243c447150f7bcca4836a","_animations":{"_full":{"_slideInX":{"_isEnabled":false,"_isReverseDirection":false,"_from":50},"_slideInY":{"_isEnabled":false,"_isReverseDirection":false,"_from":50},"_fadeIn":{"_isEnabled":false,"_from":0},"_scaleIn":{"_isEnabled":false,"_from":50},"_isEnabled":false,"_delay":0,"_easing":"default"},"_left":{"_slideInX":{"_isEnabled":false,"_isReverseDirection":false,"_from":50},"_slideInY":{"_isEnabled":false,"_isReverseDirection":false,"_from":50},"_fadeIn":{"_isEnabled":false,"_from":0},"_scaleIn":{"_isEnabled":false,"_from":50},"_isEnabled":false,"_delay":0,"_easing":"default"},"_right":{"_slideInX":{"_isEnabled":false,"_isReverseDirection":false,"_from":50},"_slideInY":{"_isEnabled":false,"_isReverseDirection":false,"_from":50},"_fadeIn":{"_isEnabled":false,"_from":0},"_scaleIn":{"_isEnabled":false,"_from":50},"_isEnabled":false,"_delay":0,"_easing":"default"}},"_courseAttainment":{"_isEnabled":false},"_search":{"_searchTagIds":[]},"_isEnabled":true,"_isHidden":false,"_isSnapShot":false,"_isTemplate":false,"_type":"block","_evolveTags":[],"title":"Data vs Big Data","_classes":"","_singleWidthComponentLayout":"default","_singleWidthIsCentered":true,"_componentsVerticalAlignment":"top","_reverseMobileComponentOrder":false,"_courseId":"61b2400b47150f7bcca477e4","_sortOrder":0,"__v":0,"displayTitle":"","_parentId":"61b243c447150f7bcca48366","_createdBy":"610da19a2bd8566ccbe1137d","_createdAt":"2021-12-09T17:58:28.191Z","_updatedAt":"2021-12-09T17:59:17.197Z","_refId":"61b243c447150f7bcca4836a","_updatedBy":"610da19a2bd8566ccbe1137d"}]
