[{"_id":"61b2422b47150f7bcca47f4f","_graphic":{"_offset":{"_top":"0","_left":"0"},"_isOverridingTheme":false,"_hideOnMobile":false,"_isFloatingGraphic":false,"_position":"bottom-right"},"_heroImage":{"_graphic":{"srcAdvanced":{"_setImagePerDeviceSize":false}},"_floatingGraphic":{"_offset":{"_top":"0","_left":"0"},"_position":"bottom-right","_hideOnMobile":false},"_isEnabled":false,"layout":"center","_contentWidth":70},"_backgroundImage":{"_size":"cover","_position":"center","_fixed":false,"_repeat":false},"_mobileBackgroundImage":{"_size":"cover","_position":"center","_fixed":false,"_repeat":false},"_boxMenu":{"srcAdvanced":{"_setImagePerDeviceSize":false},"_heroImage":{"_graphic":{"srcAdvanced":{"_setImagePerDeviceSize":false}},"layout":"center","_contentWidth":70},"_headerGraphic":{"_offset":{"_top":"0","_left":"0"},"_isOverridingTheme":false,"_hideOnMobile":false,"_isFloatingGraphic":false,"_position":"bottom-right"},"_backgroundImage":{"_size":"cover","_position":"center","_fixed":false,"_repeat":false},"_mobileBackgroundImage":{"_size":"cover","_position":"center","_fixed":false,"_repeat":false},"_itemsPerRowLarge":2,"_itemsPerRowMedium":2,"_shouldShowProgressBarsOnMenus":true,"_showCompletionStatusOnMenus":false,"_showCompletionStatusInFooter":false,"_isVerticalItemLayout":false,"itemCompletionText":"Complete"},"_coverMenu":{"srcAdvanced":{"_setImagePerDeviceSize":false},"_coverButtonText":"View","_shouldShowProgressBarsOnMenus":true,"nextButtonAriaLabel":"Next","prevButtonAriaLabel":"Previous","homeButtonAriaLabel":"Home"},"_mapMenu":{"_position":{"_left":50,"_top":50},"_defaultPointerWidth":0,"_menuImageWidth":1024,"_menuScrollableContainerMaxWidth":1024,"_pointerWidth":0,"_shouldShowTitleBar":true},"_playlistMenu":{"_graphic":{"srcAdvanced":{"_setImagePerDeviceSize":false}},"_backgroundImage":{"srcAdvanced":{"_setImagePerDeviceSize":false}},"_desktopBackgroundImage":{"_size":"cover","_position":"center","_fixed":false,"_repeat":false},"_mobileBackgroundImage":{"_size":"cover","_position":"center","_fixed":false,"_repeat":false},"_heroImage":{"_graphic":{"srcAdvanced":{"_setImagePerDeviceSize":false}},"_floatingGraphic":{"_offset":{"_top":"0","_left":"0"},"_position":"bottom-right","_hideOnMobile":false},"layout":"center","_contentWidth":70}},"_standardMenu":{"_heroImage":{"_graphic":{"srcAdvanced":{"_setImagePerDeviceSize":false}},"layout":"center","_contentWidth":70},"_headerGraphic":{"_offset":{"_top":"0","_left":"0"},"_isOverridingTheme":false,"_hideOnMobile":false,"_isFloatingGraphic":false,"_position":"bottom-right"},"_backgroundImage":{"_size":"cover","_position":"center","_fixed":false,"_repeat":false},"_mobileBackgroundImage":{"_size":"cover","_position":"center","_fixed":false,"_repeat":false},"_shouldShowProgressBarsOnMenus":true,"_shouldShowIconOnMenuItems":true},"_swipeMenu":{"_graphic":{"srcAdvanced":{"_setImagePerDeviceSize":false}},"_hoverGraphic":{"srcAdvanced":{"_setImagePerDeviceSize":false}},"_heroImage":{"_graphic":{"srcAdvanced":{"_setImagePerDeviceSize":false}},"layout":"center","_contentWidth":70},"_headerGraphic":{"_offset":{"_top":"0","_left":"0"},"_isOverridingTheme":false,"_hideOnMobile":false,"_isFloatingGraphic":false,"_position":"bottom-right"},"_backgroundImage":{"_size":"cover","_position":"center","_fixed":false,"_repeat":false},"_mobileBackgroundImage":{"_size":"cover","_position":"center","_fixed":false,"_repeat":false},"_shouldDisableDetailOnHover":false,"_shouldDisableItemScaling":false,"_shouldShowControlsOnBottom":false,"_shouldAlwaysShowItems":false,"_shouldShowControlsOnHover":false,"_shouldHideDisabledControl":false,"_shouldShowProgressBarsOnMenus":true,"nextButtonAriaLabel":"Next","prevButtonAriaLabel":"Previous"},"_contentLocking":{"_isEnabled":false,"_lockingType":"contentObject","_shouldDisableNotifyOnUnlock":false,"_requiredCompleteIds":[],"_requiredAmount":0},"_courseAssessment":{"_isAssessmentPage":false},"_search":{"_searchTagIds":[]},"_isEnabled":true,"_isHidden":false,"_isSnapShot":false,"_isTemplate":false,"_type":"page","_evolveTags":[],"title":"New Content Object Title","linkText":"View","isLinkIconRightPosition":false,"durationLabel":"Duration","_categories":[],"_hidePageHeader":false,"_pageCompletionMethod":"components","_completionComponentIds":[],"_courseId":"61b2400b47150f7bcca477e4","_parentId":"61b2400b47150f7bcca477e4","_sortOrder":0,"_createdBy":"610da19a2bd8566ccbe1137d","_createdAt":"2021-12-09T17:51:39.474Z","_updatedAt":"2021-12-09T17:51:39.474Z","_refId":"61b2422b47150f7bcca47f4f","__v":0}]
